{
  "project_info": {
    "project_number": "417793240778",
    "firebase_url": "https://project-e2768.firebaseio.com",
    "project_id": "project-e2768",
    "storage_bucket": "project-e2768.appspot.com"
  },
  "client": [
    {
      "client_info": {
        "mobilesdk_app_id": "1:417793240778:android:3b40e2a0c27c7ae5484e33",
        "android_client_info": {
          "package_name": "com.example.project"
        }
      },
      "oauth_client": [
        {
          "client_id": "417793240778-2l8i2tg6me52acfbqcrktd1st06cg0fg.apps.googleusercontent.com",
          "client_type": 1,
          "android_info": {
            "package_name": "com.example.project",
            "certificate_hash": "258068d648ec32d3acfc5b8a7119c241e2ec6d9f"
          }
        },
        {
          "client_id": "417793240778-7spqu8gpqpn8ks1u97n71ti167o3u4hu.apps.googleusercontent.com",
          "client_type": 3
        }
      ],
      "api_key": [
        {
          "current_key": "AIzaSyCtP2LfTh_N_zcHxg8N61Ox85iX_E1Vi9k"
        }
      ],
      "services": {
        "appinvite_service": {
          "other_platform_oauth_client": [
            {
              "client_id": "417793240778-7spqu8gpqpn8ks1u97n71ti167o3u4hu.apps.googleusercontent.com",
              "client_type": 3
            }
          ]
        }
      }
    }
  ],
  "configuration_version": "1"
}